[
   {
      "model":"evaluator.degreeprogram",
      "pk":"Medizin- und Bioinformatik",
      "fields":{
         "abbreviation":"MBI",
         "dp_director":2
      }
   },
   {
      "model":"evaluator.course",
      "pk":1,
      "fields":{
         "name":"Algorithmen und Datenstrukturen",
         "abbreviation":"ADS",
         "degree_program":"Medizin- und Bioinformatik",
         "file_name":"ADS_{lastname}_Ue{nr}_korrigiert.pdf"
      }
   },
   {
      "model":"evaluator.assignment",
      "pk":1,
      "fields":{
         "nr":1,
         "name":"ADS Übung 01",
         "draft":[
            {
               "name":"Beispiel 1",
               "distribution":[
                  {
                     "name":"Lösungsidee",
                     "points":4
                  },
                  {
                     "name":"Quellcode",
                     "points":24
                  },
                  {
                     "name":"Testfälle",
                     "points":12
                  }
               ]
            },
            {
               "name":"Beispiel 2",
               "distribution":[
                  {
                     "name":"Lösungsidee",
                     "points":3
                  },
                  {
                     "name":"Analyse",
                     "points":27
                  }
               ]
            },
            {
               "name":"Beispiel 3",
               "distribution":[
                  {
                     "name":"Lösungsidee",
                     "points":3
                  },
                  {
                     "name":"Quellcode und Testfälle",
                     "points":27
                  }
               ]
            }
         ],
         "course":1
      }
   },
   {
      "model":"evaluator.assignment",
      "pk":2,
      "fields":{
         "nr":2,
         "name":"ADS Übung 02",
         "draft":[
            {
               "name":"Beispiel 1",
               "distribution":[
                  {
                     "name":"Lösungsidee",
                     "points":3
                  },
                  {
                     "name":"Quellcode",
                     "points":17
                  },
                  {
                     "name":"Testfälle",
                     "points":10
                  }
               ]
            },
            {
               "name":"Beispiel 2",
               "distribution":[
                  {
                     "name":"Lösungsidee",
                     "points":4
                  },
                  {
                     "name":"Quellcode",
                     "points":23
                  },
                  {
                     "name":"Testfälle",
                     "points":13
                  }
               ]
            },
            {
               "name":"Beispiel 3",
               "distribution":[
                  {
                     "name":"Lösungsidee",
                     "points":3
                  },
                  {
                     "name":"Quellcode",
                     "points":17
                  },
                  {
                     "name":"Testfälle",
                     "points":10
                  }
               ]
            }
         ],
         "course":1
      }
   },
   {
      "model":"evaluator.assignment",
      "pk":3,
      "fields":{
         "nr":3,
         "name":"ADS Übung 03",
         "draft":[
            {
               "name":"Beispiel 1",
               "distribution":[
                  {
                     "name":"Lösungsidee",
                     "points":3
                  },
                  {
                     "name":"Quellcode",
                     "points":15
                  },
                  {
                     "name":"Testfälle",
                     "points":7
                  }
               ]
            },
            {
               "name":"Beispiel 2",
               "distribution":[
                  {
                     "name":"Lösungsidee",
                     "points":3
                  },
                  {
                     "name":"Quellcode",
                     "points":15
                  },
                  {
                     "name":"Testfälle",
                     "points":7
                  }
               ]
            },
            {
               "name":"Beispiel 3",
               "distribution":[
                  {
                     "name":"Lösungsidee",
                     "points":3
                  },
                  {
                     "name":"Quellcode",
                     "points":15
                  },
                  {
                     "name":"Testfälle",
                     "points":7
                  }
               ]
            },
            {
               "name":"Beispiel 4",
               "distribution":[
                  {
                     "name":"Lösungsidee",
                     "points":3
                  },
                  {
                     "name":"Quellcode",
                     "points":15
                  },
                  {
                     "name":"Testfälle",
                     "points":7
                  }
               ]
            }
         ],
         "course":1
      }
   },
   {
      "model":"evaluator.assignment",
      "pk":4,
      "fields":{
         "nr":4,
         "name":"ADS Übung 04",
         "draft":[
            {
               "name":"Beispiel 1",
               "distribution":[
                  {
                     "name":"Lösungsidee",
                     "points":3
                  },
                  {
                     "name":"Quellcode",
                     "points":11
                  },
                  {
                     "name":"Testfälle",
                     "points":6
                  }
               ]
            },
            {
               "name":"Beispiel 2",
               "distribution":[
                  {
                     "name":"Lösungsidee",
                     "points":3
                  },
                  {
                     "name":"Quellcode",
                     "points":11
                  },
                  {
                     "name":"Testfälle",
                     "points":6
                  }
               ]
            },
            {
               "name":"Beispiel 3",
               "distribution":[
                  {
                     "name":"Lösungsidee",
                     "points":3
                  },
                  {
                     "name":"Quellcode",
                     "points":11
                  },
                  {
                     "name":"Testfälle",
                     "points":6
                  }
               ]
            },
            {
               "name":"Beispiel 4",
               "distribution":[
                  {
                     "name":"Analyse",
                     "points":40
                  }
               ]
            }
         ],
         "course":1
      }
   },
   {
      "model":"evaluator.assignment",
      "pk":5,
      "fields":{
         "nr":5,
         "name":"ADS Übung 05",
         "draft":[
            {
               "name":"Beispiel 1",
               "distribution":[
                  {
                     "name":"Lösungsidee",
                     "points":4
                  },
                  {
                     "name":"Quellcode",
                     "points":26
                  },
                  {
                     "name":"Testfälle",
                     "points":10
                  }
               ]
            },
            {
               "name":"Beispiel 2",
               "distribution":[
                  {
                     "name":"Lösungsidee",
                     "points":2
                  },
                  {
                     "name":"Quellcode",
                     "points":12
                  },
                  {
                     "name":"Testfälle",
                     "points":6
                  }
               ]
            },
            {
               "name":"Beispiel 3",
               "distribution":[
                  {
                     "name":"Lösungsidee",
                     "points":4
                  },
                  {
                     "name":"Quellcode",
                     "points":26
                  },
                  {
                     "name":"Testfälle",
                     "points":10
                  }
               ]
            }
         ],
         "course":1
      }
   },
   {
      "model":"evaluator.classgroup",
      "pk":1,
      "fields":{
         "start_year":2026,
         "degree_program":"Medizin- und Bioinformatik"
      }
   },
   {
      "model":"evaluator.student",
      "pk":"S2610458001",
      "fields":{
         "first_name":"Anna",
         "last_name":"Müller",
         "class_group":1
      }
   },
   {
      "model":"evaluator.student",
      "pk":"S2610458002",
      "fields":{
         "first_name":"Leon",
         "last_name":"Schmidt",
         "class_group":1
      }
   },
   {
      "model":"evaluator.student",
      "pk":"S2610458003",
      "fields":{
         "first_name":"Luisa",
         "last_name":"Wagner",
         "class_group":1
      }
   },
   {
      "model":"evaluator.student",
      "pk":"S2610458004",
      "fields":{
         "first_name":"Elias",
         "last_name":"Becker",
         "class_group":1
      }
   },
   {
      "model":"evaluator.student",
      "pk":"S2610458005",
      "fields":{
         "first_name":"Lena",
         "last_name":"Schulz",
         "class_group":1
      }
   },
   {
      "model":"evaluator.student",
      "pk":"S2610458006",
      "fields":{
         "first_name":"Max",
         "last_name":"Hofmann",
         "class_group":1
      }
   },
   {
      "model":"evaluator.student",
      "pk":"S2610458007",
      "fields":{
         "first_name":"Sofia",
         "last_name":"Schäfer",
         "class_group":1
      }
   },
   {
      "model":"evaluator.student",
      "pk":"S2610458008",
      "fields":{
         "first_name":"Paul",
         "last_name":"Koch",
         "class_group":1
      }
   },
   {
      "model":"evaluator.student",
      "pk":"S2610458009",
      "fields":{
         "first_name":"Emilia",
         "last_name":"Richter",
         "class_group":1
      }
   },
   {
      "model":"evaluator.student",
      "pk":"S2610458010",
      "fields":{
         "first_name":"Jonas",
         "last_name":"Fischer",
         "class_group":1
      }
   },
   {
      "model":"evaluator.student",
      "pk":"S2610458011",
      "fields":{
         "first_name":"Mia",
         "last_name":"Weber",
         "class_group":1
      }
   },
   {
      "model":"evaluator.student",
      "pk":"S2610458012",
      "fields":{
         "first_name":"Noah",
         "last_name":"Meyer",
         "class_group":1
      }
   },
   {
      "model":"evaluator.student",
      "pk":"S2610458013",
      "fields":{
         "first_name":"Hannah",
         "last_name":"Keller",
         "class_group":1
      }
   },
   {
      "model":"evaluator.student",
      "pk":"S2610458014",
      "fields":{
         "first_name":"Ben",
         "last_name":"Albrecht",
         "class_group":1
      }
   },
   {
      "model":"evaluator.student",
      "pk":"S2610458015",
      "fields":{
         "first_name":"Nele",
         "last_name":"Krause",
         "class_group":1
      }
   },
   {
      "model":"evaluator.student",
      "pk":"S2610458016",
      "fields":{
         "first_name":"David",
         "last_name":"Lehmann",
         "class_group":1
      }
   },
   {
      "model":"evaluator.student",
      "pk":"S2610458017",
      "fields":{
         "first_name":"Clara",
         "last_name":"Wolf",
         "class_group":1
      }
   },
   {
      "model":"evaluator.student",
      "pk":"S2610458018",
      "fields":{
         "first_name":"Felix",
         "last_name":"Schwarz",
         "class_group":1
      }
   },
   {
      "model":"evaluator.student",
      "pk":"S2610458019",
      "fields":{
         "first_name":"Mila",
         "last_name":"Hartmann",
         "class_group":1
      }
   },
   {
      "model":"evaluator.student",
      "pk":"S2610458020",
      "fields":{
         "first_name":"Finn",
         "last_name":"Lange",
         "class_group":1
      }
   },
   {
      "model":"evaluator.courseinstance",
      "pk":2,
      "fields":{
         "year":2026,
         "course":1,
         "allow_late_submission":true,
         "late_submission_penalty":"1.000",
         "point_step_size":"1.000",
         "file_name":"ADS_{lastname}_Ue{nr}_korrigiert.pdf",
         "course_leaders":[
            3
         ],
         "tutors":[
            7,
            5
         ]
      }
   },
   {
      "model":"evaluator.assignmentinstance",
      "pk":1,
      "fields":{
         "assignment":1,
         "course_instance":2,
         "due_to":"2025-12-05T21:21:00Z"
      }
   },
   {
      "model":"evaluator.assignmentinstance",
      "pk":2,
      "fields":{
         "assignment":2,
         "course_instance":2,
         "due_to":"2025-12-05T21:21:00Z"
      }
   },
   {
      "model":"evaluator.assignmentinstance",
      "pk":3,
      "fields":{
         "assignment":3,
         "course_instance":2,
         "due_to":"2025-12-05T21:21:00Z"
      }
   },
   {
      "model":"evaluator.assignmentinstance",
      "pk":4,
      "fields":{
         "assignment":4,
         "course_instance":2,
         "due_to":"2025-12-05T21:21:00Z"
      }
   },
   {
      "model":"evaluator.assignmentinstance",
      "pk":5,
      "fields":{
         "assignment":5,
         "course_instance":2,
         "due_to":"2025-12-05T21:21:00Z"
      }
   },
   {
      "model":"evaluator.courseenrollment",
      "pk":21,
      "fields":{
         "student":"S2610458001",
         "course_instance":2,
         "group":2
      }
   },
   {
      "model":"evaluator.courseenrollment",
      "pk":22,
      "fields":{
         "student":"S2610458002",
         "course_instance":2,
         "group":2
      }
   },
   {
      "model":"evaluator.courseenrollment",
      "pk":23,
      "fields":{
         "student":"S2610458003",
         "course_instance":2,
         "group":2
      }
   },
   {
      "model":"evaluator.courseenrollment",
      "pk":24,
      "fields":{
         "student":"S2610458004",
         "course_instance":2,
         "group":1
      }
   },
   {
      "model":"evaluator.courseenrollment",
      "pk":25,
      "fields":{
         "student":"S2610458005",
         "course_instance":2,
         "group":2
      }
   },
   {
      "model":"evaluator.courseenrollment",
      "pk":26,
      "fields":{
         "student":"S2610458006",
         "course_instance":2,
         "group":1
      }
   },
   {
      "model":"evaluator.courseenrollment",
      "pk":27,
      "fields":{
         "student":"S2610458007",
         "course_instance":2,
         "group":2
      }
   },
   {
      "model":"evaluator.courseenrollment",
      "pk":28,
      "fields":{
         "student":"S2610458008",
         "course_instance":2,
         "group":1
      }
   },
   {
      "model":"evaluator.courseenrollment",
      "pk":29,
      "fields":{
         "student":"S2610458009",
         "course_instance":2,
         "group":2
      }
   },
   {
      "model":"evaluator.courseenrollment",
      "pk":30,
      "fields":{
         "student":"S2610458010",
         "course_instance":2,
         "group":1
      }
   },
   {
      "model":"evaluator.courseenrollment",
      "pk":31,
      "fields":{
         "student":"S2610458011",
         "course_instance":2,
         "group":2
      }
   },
   {
      "model":"evaluator.courseenrollment",
      "pk":32,
      "fields":{
         "student":"S2610458012",
         "course_instance":2,
         "group":2
      }
   },
   {
      "model":"evaluator.courseenrollment",
      "pk":33,
      "fields":{
         "student":"S2610458013",
         "course_instance":2,
         "group":1
      }
   },
   {
      "model":"evaluator.courseenrollment",
      "pk":34,
      "fields":{
         "student":"S2610458014",
         "course_instance":2,
         "group":1
      }
   },
   {
      "model":"evaluator.courseenrollment",
      "pk":35,
      "fields":{
         "student":"S2610458015",
         "course_instance":2,
         "group":1
      }
   },
   {
      "model":"evaluator.courseenrollment",
      "pk":36,
      "fields":{
         "student":"S2610458016",
         "course_instance":2,
         "group":1
      }
   },
   {
      "model":"evaluator.courseenrollment",
      "pk":37,
      "fields":{
         "student":"S2610458017",
         "course_instance":2,
         "group":2
      }
   },
   {
      "model":"evaluator.courseenrollment",
      "pk":38,
      "fields":{
         "student":"S2610458018",
         "course_instance":2,
         "group":2
      }
   },
   {
      "model":"evaluator.courseenrollment",
      "pk":39,
      "fields":{
         "student":"S2610458019",
         "course_instance":2,
         "group":1
      }
   },
   {
      "model":"evaluator.courseenrollment",
      "pk":40,
      "fields":{
         "student":"S2610458020",
         "course_instance":2,
         "group":1
      }
   },
   {
      "model":"evaluator.tutorassignment",
      "pk":1,
      "fields":{
         "tutor":5,
         "assignment_instance":1,
         "_groups":"[1]"
      }
   },
   {
      "model":"evaluator.tutorassignment",
      "pk":2,
      "fields":{
         "tutor":7,
         "assignment_instance":1,
         "_groups":"[2]"
      }
   },
   {
      "model":"evaluator.tutorassignment",
      "pk":3,
      "fields":{
         "tutor":5,
         "assignment_instance":2,
         "_groups":"[2]"
      }
   },
   {
      "model":"evaluator.tutorassignment",
      "pk":4,
      "fields":{
         "tutor":5,
         "assignment_instance":3,
         "_groups":"[1]"
      }
   },
   {
      "model":"evaluator.tutorassignment",
      "pk":5,
      "fields":{
         "tutor":5,
         "assignment_instance":4,
         "_groups":"[2]"
      }
   },
   {
      "model":"evaluator.tutorassignment",
      "pk":6,
      "fields":{
         "tutor":5,
         "assignment_instance":5,
         "_groups":"[1]"
      }
   },
   {
      "model":"evaluator.tutorassignment",
      "pk":7,
      "fields":{
         "tutor":7,
         "assignment_instance":2,
         "_groups":"[1]"
      }
   },
   {
      "model":"evaluator.tutorassignment",
      "pk":8,
      "fields":{
         "tutor":7,
         "assignment_instance":3,
         "_groups":"[2]"
      }
   },
   {
      "model":"evaluator.tutorassignment",
      "pk":9,
      "fields":{
         "tutor":7,
         "assignment_instance":4,
         "_groups":"[1]"
      }
   },
   {
      "model":"evaluator.tutorassignment",
      "pk":10,
      "fields":{
         "tutor":7,
         "assignment_instance":5,
         "_groups":"[2]"
      }
   },
   {
      "model":"evaluator.userdegreeprogram",
      "pk":1,
      "fields":{
         "user":3,
         "degree_program":"Medizin- und Bioinformatik"
      }
   },
   {
      "model":"evaluator.userdegreeprogram",
      "pk":2,
      "fields":{
         "user":7,
         "degree_program":"Medizin- und Bioinformatik"
      }
   },
   {
      "model":"evaluator.userdegreeprogram",
      "pk":3,
      "fields":{
         "user":5,
         "degree_program":"Medizin- und Bioinformatik"
      }
   },
   {
      "model":"user.user",
      "pk":1,
      "fields":{
         "password":"pbkdf2_sha256$870000$VLMRGk0W0ppeGXd0rPimZe$qsBp6THqrHYQIVezRYBwZd1OgexwHkNArEI6dEOHiFQ=",
         "last_login":null,
         "is_superuser":true,
         "username":"evaluator-su",
         "first_name":"",
         "last_name":"",
         "email":"",
         "is_staff":true,
         "is_active":true,
         "date_joined":"2025-12-05T20:50:01.090Z",
         "role":"ADMIN",
         "groups":[

         ],
         "user_permissions":[

         ]
      }
   },
   {
      "model":"user.user",
      "pk":2,
      "fields":{
         "password":"pbkdf2_sha256$870000$0kCIqqS5FZnWEwDHturbM5$ph1IIvBR4lfx/WyovMQZ5y2AuxRPCf9Za8DrEKbn3/o=",
         "last_login":null,
         "is_superuser":false,
         "username":"P00000",
         "first_name":"Karen",
         "last_name":"McCall",
         "email":"",
         "is_staff":false,
         "is_active":true,
         "date_joined":"2025-12-05T20:53:30.518Z",
         "role":"DEGREE_PROGRAM_DIRECTOR",
         "groups":[

         ],
         "user_permissions":[

         ]
      }
   },
   {
      "model":"user.user",
      "pk":3,
      "fields":{
         "password":"pbkdf2_sha256$870000$Y5PRDUcT7B0JfegWZ3aGa0$/u6158XRmQ/UxSwMxYIuE7Kzn0qKeLigiJEPKQf646Q=",
         "last_login":null,
         "is_superuser":false,
         "username":"P00001",
         "first_name":"George",
         "last_name":"Rodriguez",
         "email":"",
         "is_staff":false,
         "is_active":true,
         "date_joined":"2025-12-05T20:53:54.625Z",
         "role":"COURSE_LEADER",
         "groups":[

         ],
         "user_permissions":[

         ]
      }
   },
   {
      "model":"user.user",
      "pk":4,
      "fields":{
         "password":"pbkdf2_sha256$870000$ozecGW1jMwNfJgSX7FJnnU$i8+KXUYgCUhC16EAXMtmTrLS3AM3Wq/3PQPa5HYF7pc=",
         "last_login":null,
         "is_superuser":false,
         "username":"P00002",
         "first_name":"Charles",
         "last_name":"Gardner",
         "email":"",
         "is_staff":false,
         "is_active":true,
         "date_joined":"2025-12-05T20:54:19.717Z",
         "role":"COURSE_LEADER",
         "groups":[

         ],
         "user_permissions":[

         ]
      }
   },
   {
      "model":"user.user",
      "pk":5,
      "fields":{
         "password":"pbkdf2_sha256$870000$sL8fOtJLI4fKZ0xQ40ZMe1$1WVAAxoKKuz384hb1LGL8URhusn+WggpZFn8Nng54R8=",
         "last_login":null,
         "is_superuser":false,
         "username":"S0000000001",
         "first_name":"George",
         "last_name":"Carr",
         "email":"",
         "is_staff":false,
         "is_active":true,
         "date_joined":"2025-12-05T20:54:39.794Z",
         "role":"TUTOR",
         "groups":[

         ],
         "user_permissions":[

         ]
      }
   },
   {
      "model":"user.user",
      "pk":6,
      "fields":{
         "password":"pbkdf2_sha256$870000$r8brRaUTgDMLWLXNCYb3Rw$r9Agy+s7mH/bGvXEaD/pYmDsYjcH21BZc/85lOmwoEM=",
         "last_login":null,
         "is_superuser":false,
         "username":"S0000000002",
         "first_name":"Paul",
         "last_name":"Warner",
         "email":"",
         "is_staff":false,
         "is_active":true,
         "date_joined":"2025-12-05T20:54:57.660Z",
         "role":"TUTOR",
         "groups":[

         ],
         "user_permissions":[

         ]
      }
   },
   {
      "model":"user.user",
      "pk":7,
      "fields":{
         "password":"pbkdf2_sha256$870000$AYpIG9dCZcqPAKxxqTga6j$RpUwk+4Z9frn82ZWu5H6cfIL6/FCQtHoBg7BGxnoRsk=",
         "last_login":null,
         "is_superuser":false,
         "username":"S0000000003",
         "first_name":"Maxine",
         "last_name":"Haag",
         "email":"",
         "is_staff":false,
         "is_active":true,
         "date_joined":"2025-12-05T20:55:17.365Z",
         "role":"TUTOR",
         "groups":[

         ],
         "user_permissions":[

         ]
      }
   }
]